[
{
    "model": "morrigan_characters.charactertype",
    "pk": 1,
    "fields": {
        "name": "Personnage Joueur",
        "description": "",
        "order": 10,
        "available": true
    }
},
{
    "model": "morrigan_characters.charactertype",
    "pk": 2,
    "fields": {
        "name": "Familier",
        "description": "",
        "order": 20,
        "available": true
    }
},
{
    "model": "morrigan_characters.character",
    "fields": {
        "player": 1,
        "game": [
            "default"
        ],
        "main": true,
        "owner": null,
        "initial_name": "Siltaom",
        "slug": "siltaom",
        "current_name": "Siltaom le gros-bill",
        "background": "Il \u00e9tait une fois un orc...",
        "biography": "Arriv\u00e9e : Baie ; escalade du Mont-Granite sans les mains, ...",
        "notes": null,
        "registration_date": "2015-01-01T00:00:00Z",
        "last_connection": null,
        "ap": 30,
        "max_ap": 35,
        "fp": 8,
        "max_fp": 20,
        "mp": 0,
        "max_mp": 0,
        "hp": 50,
        "max_hp": 50,
        "bp": 25,
        "max_bp": 25,
        "type": 1,
        "location": 2,
        "arrival_date": null,
        "step_number_index": 1.0,
        "delta_compass": 0,
        "knowned_access": [],
        "knowned_worlds": [],
        "knowned_generic_items": [],
        "knowned_rumors": [],
        "visible_items": []
    }
},
{
    "model": "morrigan_characters.character",
    "fields": {
        "player": 2,
        "game": [
            "default"
        ],
        "main": true,
        "owner": null,
        "initial_name": "Nimnae",
        "slug": "nimnae",
        "current_name": "Nimnae sombre",
        "background": "Dans une grotte naquit la petite...",
        "biography": "Arriv\u00e9e : plouf ; Missionnaire dans les \u00eeles...",
        "notes": null,
        "registration_date": "2015-01-01T00:00:00Z",
        "last_connection": null,
        "ap": 23,
        "max_ap": 32,
        "fp": 10,
        "max_fp": 20,
        "mp": 8,
        "max_mp": 10,
        "hp": 42,
        "max_hp": 45,
        "bp": 15,
        "max_bp": 15,
        "type": 1,
        "location": 1,
        "arrival_date": null,
        "step_number_index": 1.0,
        "delta_compass": 0,
        "knowned_access": [],
        "knowned_worlds": [],
        "knowned_generic_items": [],
        "knowned_rumors": [],
        "visible_items": []
    }
},
{
    "model": "morrigan_characters.character",
    "fields": {
        "main": true,
        "owner": null,
        "initial_name": "Arkenlond",
        "slug": "arkenlond",
        "current_name": "Arkenlond le v\u00e9t\u00e9ran",
        "background": "Un jour, un \u00eatre vert en armure tendit une hache...",
        "biography": "D\u00e9barquement sur la plage d'Amoho ; Fou de biblioth\u00e8que ; Fou",
        "notes": null,
        "registration_date": "2015-01-01T00:00:00Z",
        "last_connection": null,
        "ap": 23,
        "max_ap": 25,
        "fp": 5,
        "max_fp": 20,
        "mp": 0,
        "max_mp": 0,
        "hp": 80,
        "max_hp": 80,
        "bp": 10,
        "max_bp": 10,
        "type": 1,
        "location": 1,
        "arrival_date": null,
        "step_number_index": 1.0,
        "delta_compass": 0,
        "knowned_access": [],
        "knowned_worlds": [],
        "knowned_generic_items": [],
        "knowned_rumors": [],
        "visible_items": []
    }
},
{
    "model": "morrigan_characters.character",
    "fields": {
        "player": 2,
        "game": [
            "default"
        ],
        "main": false,
        "owner": null,
        "initial_name": "Aegon",
        "slug": "aegon",
        "current_name": "Aegon Bal\u00e9rion",
        "background": "",
        "biography": "",
        "notes": null,
        "registration_date": "2015-01-01T00:00:00Z",
        "last_connection": null,
        "ap": 250,
        "max_ap": 250,
        "fp": 50,
        "max_fp": 200,
        "mp": 0,
        "max_mp": 0,
        "hp": 200,
        "max_hp": 200,
        "bp": 100,
        "max_bp": 100,
        "type": 2,
        "location": 1,
        "arrival_date": null,
        "step_number_index": 1.0,
        "delta_compass": 0,
        "knowned_access": [],
        "knowned_worlds": [],
        "knowned_generic_items": [],
        "knowned_rumors": [],
        "visible_items": []
    }
},
{
    "model": "morrigan_characters.character",
    "fields": {
        "player": 6,
        "game": [
            "default"
        ],
        "main": false,
        "owner": null,
        "initial_name": "Syl",
        "slug": "syl",
        "current_name": "Syl elfe sylvain",
        "background": "",
        "biography": "",
        "notes": null,
        "registration_date": "2015-01-01T00:00:00Z",
        "last_connection": null,
        "ap": 25,
        "max_ap": 25,
        "fp": 5,
        "max_fp": 20,
        "mp": 5,
        "max_mp": 5,
        "hp": 20,
        "max_hp": 20,
        "bp": 10,
        "max_bp": 10,
        "type": 1,
        "location": 1,
        "arrival_date": null,
        "step_number_index": 1.0,
        "delta_compass": 0,
        "knowned_access": [],
        "knowned_worlds": [],
        "knowned_generic_items": [],
        "knowned_rumors": [],
        "visible_items": []
    }
},
{
    "model": "morrigan_characters.character",
    "fields": {
        "player": 4,
        "game": [
            "default"
        ],
        "main": false,
        "owner": null,
        "initial_name": "Sulfure",
        "slug": "sulfure",
        "current_name": "Sulfure",
        "background": "",
        "biography": "",
        "notes": null,
        "registration_date": "2015-01-01T00:00:00Z",
        "last_connection": null,
        "ap": 25,
        "max_ap": 25,
        "fp": 5,
        "max_fp": 20,
        "mp": 5,
        "max_mp": 5,
        "hp": 20,
        "max_hp": 20,
        "bp": 10,
        "max_bp": 10,
        "type": 1,
        "location": 1,
        "arrival_date": null,
        "step_number_index": 1.0,
        "delta_compass": 0,
        "knowned_access": [],
        "knowned_worlds": [],
        "knowned_generic_items": [],
        "knowned_rumors": [],
        "visible_items": []
    }
},
{
    "model": "morrigan_characters.character",
    "fields": {
        "player": 7,
        "game": [
            "default"
        ],
        "main": true,
        "owner": null,
        "initial_name": "Ambre",
        "slug": "ambre",
        "current_name": "Ambre",
        "background": "",
        "biography": "",
        "notes": null,
        "registration_date": "2015-01-01T00:00:00Z",
        "last_connection": null,
        "ap": 22,
        "max_ap": 28,
        "fp": 20,
        "max_fp": 20,
        "mp": 8,
        "max_mp": 10,
        "hp": 40,
        "max_hp": 40,
        "bp": 10,
        "max_bp": 10,
        "type": 1,
        "location": 1,
        "arrival_date": null,
        "step_number_index": 1.0,
        "delta_compass": 0,
        "knowned_access": [],
        "knowned_worlds": [],
        "knowned_generic_items": [],
        "knowned_rumors": [],
        "visible_items": []
    }
},
{
    "model": "morrigan_characters.character",
    "fields": {
        "player": 4,
        "game": [
            "default"
        ],
        "main": false,
        "owner": null,
        "initial_name": "Cerencov",
        "slug": "cerencov",
        "current_name": "Cerencov",
        "background": "Enfant prodige aux milles talents . Depuis il se fait bien plus discret.",
        "biography": "Il tue ses parents avec ses dents avant de s'en aller en courant.",
        "notes": null,
        "registration_date": "2015-01-01T00:00:00Z",
        "last_connection": null,
        "ap": 22,
        "max_ap": 28,
        "fp": 20,
        "max_fp": 20,
        "mp": 8,
        "max_mp": 10,
        "hp": 40,
        "max_hp": 40,
        "bp": 10,
        "max_bp": 10,
        "type": 1,
        "location": 1,
        "arrival_date": null,
        "step_number_index": 1.0,
        "delta_compass": 0,
        "knowned_access": [],
        "knowned_worlds": [],
        "knowned_generic_items": [],
        "knowned_rumors": [],
        "visible_items": []
    }
},
{
    "model": "morrigan_characters.shape",
    "pk": 1,
    "fields": {
        "avatar": "",
        "character": [
            "siltaom"
        ],
        "slug": "siltaom",
        "race": 1,
        "sex": 1,
        "current_name": "Siltaom",
        "size_index": null,
        "is_current_shape": true,
        "description": "Elfe fragile aux pommettes rosies par le soleil, ...",
        "current_description": "Siltaom fait actuellement de la fl\u00fbte sur un dromadaire.",
        "image": "",
        "small_image": "",
        "step_type": null,
        "step_deep": 0,
        "step_size": 0
    }
},
{
    "model": "morrigan_characters.shape",
    "pk": 2,
    "fields": {
        "avatar": "",
        "character": [
            "siltaom"
        ],
        "slug": "le-vampire",
        "race": 4,
        "sex": 1,
        "current_name": "Un vampire effrayant",
        "size_index": null,
        "is_current_shape": false,
        "description": "Le vampire face \u00e0 vous se tient bien droit. Le teint livide, il vous observe, guette chacun de vos mouvements.",
        "current_description": "Attabl\u00e9, Siltaom d\u00e9guste un cadavre fort attrayant",
        "image": "",
        "small_image": "",
        "step_type": null,
        "step_deep": 0,
        "step_size": 0
    }
},
{
    "model": "morrigan_characters.shape",
    "pk": 3,
    "fields": {
        "avatar": "",
        "character": [
            "nimnae"
        ],
        "slug": "nimnae",
        "race": 3,
        "sex": 2,
        "current_name": "Nimnae",
        "size_index": null,
        "is_current_shape": true,
        "description": "Face \u00e0 vous se tient, une jeune humaine au teint lilial, de taille moyenne. Pour qui a d\u00e9j\u00e0 rencontre un de ces \u00eatres albinos, il n'est gu\u00e8re surprenant de d\u00e9couvrir les yeux \u00e9carlates qui \u00e9mergent de ce faci\u00e8s a la blancheur si parfaite. De longs et tenus cheveux aux pales nuances cuivr\u00e9es soigneusement d\u00e9pos\u00e9s sur les \u00e9paules encadrent ce visage a la peau d\u00e9pigment\u00e9e. Les traits de cette figure pourraient \u00eatre qualifies de fins et d\u00e9licats s'il n'y avait ce nez a l\u2019ar\u00eate relativement saillante qui semble d\u00e9couper en deux parties ce faci\u00e8s. Cette impression se confirme lorsque s'attardant dans le regard de cette humaine, on remarque que l\u2019\u0153il gauche est plus sombre que l\u2019\u0153il droit. Ce visage et de menues mains de nacre sont les seuls membres qui fendent le noir profond des v\u00eatements que cette jeune humaine porte. Elle est notamment v\u00eatue d'une grande cape dont la capuche n'est que tr\u00e8s rarement rabattue pour cacher ce visage ivoire.En effet ce ne sera que pour se prot\u00e9ger du soleil ou s'isoler que la jeune humaine dispara\u00eetra dans la p\u00e9nombre de sa tenue. Le seul luxe apparent sur la jeune dame est un pendentif retenue par une cha\u00eenette en \u00e9tain pass\u00e9e autour de son cou. Le pendentif a en son centre une petite aquamarine de couleur bleu fonc\u00e9 en forme de larme. Ce bijou n'a probablement pas grande valeur marchande mais Nimnae semble y pr\u00eater beaucoup d'importance.",
        "current_description": "\u00c0 ses oreilles vous vous direz s\u00fbrement que cette humaine ...",
        "image": "",
        "small_image": "",
        "step_type": null,
        "step_deep": 0,
        "step_size": 0
    }
},
{
    "model": "morrigan_characters.shape",
    "pk": 4,
    "fields": {
        "avatar": "",
        "character": [
            "arkenlond"
        ],
        "slug": "arkenlond",
        "race": 2,
        "sex": 3,
        "current_name": "Arkenlond l'orc",
        "size_index": null,
        "is_current_shape": true,
        "description": "L'orc avec les lunettes d\u00e9licatement pos\u00e9es sur son gros pif.",
        "current_description": "Arkenlond fait du body painting.",
        "image": "",
        "small_image": "",
        "step_type": null,
        "step_deep": 0,
        "step_size": 0
    }
},
{
    "model": "morrigan_characters.shape",
    "pk": 5,
    "fields": {
        "avatar": "",
        "character": [
            "arkenlond"
        ],
        "slug": "arkenlelfe",
        "race": 1,
        "sex": 1,
        "current_name": "Arkenlond l'elfe",
        "size_index": null,
        "is_current_shape": false,
        "description": "Elfe filiforme plein de charme.",
        "current_description": "Arkenlond tapote un doigt songeur sur son menton.",
        "image": "",
        "small_image": "",
        "step_type": null,
        "step_deep": 0,
        "step_size": 0
    }
},
{
    "model": "morrigan_characters.shape",
    "pk": 6,
    "fields": {
        "avatar": "",
        "character": [
            "aegon"
        ],
        "slug": "aegon",
        "race": 5,
        "sex": 1,
        "current_name": "Aegon Bal\u00e9rion",
        "size_index": null,
        "is_current_shape": true,
        "description": "Grand dragon noir, l''ampleur de ses ailes est telle qu'il lui suffit de survoler une ville pour la plonger dans l'ombre.",
        "current_description": "Balerion crache des flammes aussi noires que ses \u00e9cailles.",
        "image": "",
        "small_image": "",
        "step_type": null,
        "step_deep": 0,
        "step_size": 0
    }
},
{
    "model": "morrigan_characters.shape",
    "pk": 7,
    "fields": {
        "avatar": "",
        "character": [
            "syl"
        ],
        "slug": "syl",
        "race": 1,
        "sex": 1,
        "current_name": "Syl",
        "size_index": null,
        "is_current_shape": true,
        "description": "",
        "current_description": "",
        "image": "",
        "small_image": "",
        "step_type": null,
        "step_deep": 0,
        "step_size": 0
    }
},
{
    "model": "morrigan_characters.shape",
    "pk": 8,
    "fields": {
        "avatar": "",
        "character": [
            "sulfure"
        ],
        "slug": "sulfure",
        "race": 3,
        "sex": 1,
        "current_name": "Sulfure",
        "size_index": null,
        "is_current_shape": true,
        "description": "Sulfure est un \u00eatre de chair et de muscle et de muscle.",
        "current_description": "Sulfure joue au bilboquet.",
        "image": "",
        "small_image": "",
        "step_type": null,
        "step_deep": 0,
        "step_size": 0
    }
},
{
    "model": "morrigan_characters.shape",
    "pk": 9,
    "fields": {
        "avatar": "",
        "character": [
            "ambre"
        ],
        "slug": "ambre",
        "race": 3,
        "sex": 2,
        "current_name": "Ambre",
        "size_index": null,
        "is_current_shape": true,
        "description": "Jeune femme rousse aux yeux verts.",
        "current_description": "Souriante.",
        "image": "",
        "small_image": "",
        "step_type": null,
        "step_deep": 0,
        "step_size": 0
    }
},
{
    "model": "morrigan_characters.shape",
    "pk": 10,
    "fields": {
        "avatar": "",
        "character": [
            "cerencov"
        ],
        "slug": "cerencov",
        "race": 3,
        "sex": 1,
        "current_name": "Cerencov",
        "size_index": null,
        "is_current_shape": true,
        "description": "Viel homme.",
        "current_description": "",
        "image": "",
        "small_image": "",
        "step_type": null,
        "step_deep": 0,
        "step_size": 0
    }
},
{
    "model": "morrigan_characters.shapearea",
    "pk": 1,
    "fields": {
        "area": 1,
        "shape": 10,
        "place_available": 1,
        "is_default": false
    }
},
{
    "model": "morrigan_characters.shapearea",
    "pk": 2,
    "fields": {
        "area": 2,
        "shape": 10,
        "place_available": 1,
        "is_default": false
    }
},
{
    "model": "morrigan_characters.shapearea",
    "pk": 3,
    "fields": {
        "area": 3,
        "shape": 10,
        "place_available": 2,
        "is_default": true
    }
},
{
    "model": "morrigan_characters.shapearea",
    "pk": 4,
    "fields": {
        "area": 5,
        "shape": 10,
        "place_available": 2,
        "is_default": false
    }
},
{
    "model": "morrigan_characters.shapearea",
    "pk": 5,
    "fields": {
        "area": 4,
        "shape": 10,
        "place_available": 2,
        "is_default": false
    }
},
{
    "model": "morrigan_characters.shapearea",
    "pk": 6,
    "fields": {
        "area": 6,
        "shape": 10,
        "place_available": 2,
        "is_default": false
    }
},
{
    "model": "morrigan_characters.shapearea",
    "pk": 7,
    "fields": {
        "area": 1,
        "shape": 9,
        "place_available": 1,
        "is_default": false
    }
},
{
    "model": "morrigan_characters.shapearea",
    "pk": 8,
    "fields": {
        "area": 2,
        "shape": 9,
        "place_available": 1,
        "is_default": false
    }
},
{
    "model": "morrigan_characters.shapearea",
    "pk": 9,
    "fields": {
        "area": 3,
        "shape": 9,
        "place_available": 2,
        "is_default": true
    }
},
{
    "model": "morrigan_characters.shapearea",
    "pk": 10,
    "fields": {
        "area": 5,
        "shape": 9,
        "place_available": 2,
        "is_default": false
    }
},
{
    "model": "morrigan_characters.shapearea",
    "pk": 11,
    "fields": {
        "area": 4,
        "shape": 9,
        "place_available": 2,
        "is_default": false
    }
},
{
    "model": "morrigan_characters.shapearea",
    "pk": 12,
    "fields": {
        "area": 6,
        "shape": 9,
        "place_available": 2,
        "is_default": false
    }
},
{
    "model": "morrigan_characters.shapearea",
    "pk": 13,
    "fields": {
        "area": 1,
        "shape": 8,
        "place_available": 1,
        "is_default": false
    }
},
{
    "model": "morrigan_characters.shapearea",
    "pk": 14,
    "fields": {
        "area": 2,
        "shape": 8,
        "place_available": 1,
        "is_default": false
    }
},
{
    "model": "morrigan_characters.shapearea",
    "pk": 15,
    "fields": {
        "area": 3,
        "shape": 8,
        "place_available": 2,
        "is_default": true
    }
},
{
    "model": "morrigan_characters.shapearea",
    "pk": 16,
    "fields": {
        "area": 5,
        "shape": 8,
        "place_available": 2,
        "is_default": false
    }
},
{
    "model": "morrigan_characters.shapearea",
    "pk": 17,
    "fields": {
        "area": 4,
        "shape": 8,
        "place_available": 2,
        "is_default": false
    }
},
{
    "model": "morrigan_characters.shapearea",
    "pk": 18,
    "fields": {
        "area": 6,
        "shape": 8,
        "place_available": 2,
        "is_default": false
    }
},
{
    "model": "morrigan_characters.shapearea",
    "pk": 19,
    "fields": {
        "area": 1,
        "shape": 7,
        "place_available": 1,
        "is_default": false
    }
},
{
    "model": "morrigan_characters.shapearea",
    "pk": 20,
    "fields": {
        "area": 2,
        "shape": 7,
        "place_available": 1,
        "is_default": false
    }
},
{
    "model": "morrigan_characters.shapearea",
    "pk": 21,
    "fields": {
        "area": 3,
        "shape": 7,
        "place_available": 2,
        "is_default": true
    }
},
{
    "model": "morrigan_characters.shapearea",
    "pk": 22,
    "fields": {
        "area": 5,
        "shape": 7,
        "place_available": 2,
        "is_default": false
    }
},
{
    "model": "morrigan_characters.shapearea",
    "pk": 23,
    "fields": {
        "area": 4,
        "shape": 7,
        "place_available": 2,
        "is_default": false
    }
},
{
    "model": "morrigan_characters.shapearea",
    "pk": 24,
    "fields": {
        "area": 6,
        "shape": 7,
        "place_available": 2,
        "is_default": false
    }
},
{
    "model": "morrigan_characters.shapearea",
    "pk": 25,
    "fields": {
        "area": 1,
        "shape": 6,
        "place_available": 1,
        "is_default": false
    }
},
{
    "model": "morrigan_characters.shapearea",
    "pk": 26,
    "fields": {
        "area": 2,
        "shape": 6,
        "place_available": 1,
        "is_default": false
    }
},
{
    "model": "morrigan_characters.shapearea",
    "pk": 27,
    "fields": {
        "area": 3,
        "shape": 6,
        "place_available": 2,
        "is_default": true
    }
},
{
    "model": "morrigan_characters.shapearea",
    "pk": 28,
    "fields": {
        "area": 5,
        "shape": 6,
        "place_available": 2,
        "is_default": false
    }
},
{
    "model": "morrigan_characters.shapearea",
    "pk": 29,
    "fields": {
        "area": 4,
        "shape": 6,
        "place_available": 2,
        "is_default": false
    }
},
{
    "model": "morrigan_characters.shapearea",
    "pk": 30,
    "fields": {
        "area": 6,
        "shape": 6,
        "place_available": 2,
        "is_default": false
    }
},
{
    "model": "morrigan_characters.shapearea",
    "pk": 31,
    "fields": {
        "area": 1,
        "shape": 5,
        "place_available": 1,
        "is_default": false
    }
},
{
    "model": "morrigan_characters.shapearea",
    "pk": 32,
    "fields": {
        "area": 2,
        "shape": 5,
        "place_available": 1,
        "is_default": false
    }
},
{
    "model": "morrigan_characters.shapearea",
    "pk": 33,
    "fields": {
        "area": 3,
        "shape": 5,
        "place_available": 2,
        "is_default": true
    }
},
{
    "model": "morrigan_characters.shapearea",
    "pk": 34,
    "fields": {
        "area": 5,
        "shape": 5,
        "place_available": 2,
        "is_default": false
    }
},
{
    "model": "morrigan_characters.shapearea",
    "pk": 35,
    "fields": {
        "area": 4,
        "shape": 5,
        "place_available": 2,
        "is_default": false
    }
},
{
    "model": "morrigan_characters.shapearea",
    "pk": 36,
    "fields": {
        "area": 6,
        "shape": 5,
        "place_available": 2,
        "is_default": false
    }
},
{
    "model": "morrigan_characters.shapearea",
    "pk": 37,
    "fields": {
        "area": 1,
        "shape": 4,
        "place_available": 1,
        "is_default": false
    }
},
{
    "model": "morrigan_characters.shapearea",
    "pk": 38,
    "fields": {
        "area": 2,
        "shape": 4,
        "place_available": 1,
        "is_default": false
    }
},
{
    "model": "morrigan_characters.shapearea",
    "pk": 39,
    "fields": {
        "area": 3,
        "shape": 4,
        "place_available": 2,
        "is_default": true
    }
},
{
    "model": "morrigan_characters.shapearea",
    "pk": 40,
    "fields": {
        "area": 5,
        "shape": 4,
        "place_available": 2,
        "is_default": false
    }
},
{
    "model": "morrigan_characters.shapearea",
    "pk": 41,
    "fields": {
        "area": 4,
        "shape": 4,
        "place_available": 2,
        "is_default": false
    }
},
{
    "model": "morrigan_characters.shapearea",
    "pk": 42,
    "fields": {
        "area": 6,
        "shape": 4,
        "place_available": 2,
        "is_default": false
    }
},
{
    "model": "morrigan_characters.shapearea",
    "pk": 43,
    "fields": {
        "area": 1,
        "shape": 3,
        "place_available": 1,
        "is_default": false
    }
},
{
    "model": "morrigan_characters.shapearea",
    "pk": 44,
    "fields": {
        "area": 2,
        "shape": 3,
        "place_available": 1,
        "is_default": false
    }
},
{
    "model": "morrigan_characters.shapearea",
    "pk": 45,
    "fields": {
        "area": 3,
        "shape": 3,
        "place_available": 2,
        "is_default": true
    }
},
{
    "model": "morrigan_characters.shapearea",
    "pk": 46,
    "fields": {
        "area": 5,
        "shape": 3,
        "place_available": 2,
        "is_default": false
    }
},
{
    "model": "morrigan_characters.shapearea",
    "pk": 47,
    "fields": {
        "area": 4,
        "shape": 3,
        "place_available": 2,
        "is_default": false
    }
},
{
    "model": "morrigan_characters.shapearea",
    "pk": 48,
    "fields": {
        "area": 6,
        "shape": 3,
        "place_available": 2,
        "is_default": false
    }
},
{
    "model": "morrigan_characters.shapearea",
    "pk": 49,
    "fields": {
        "area": 1,
        "shape": 2,
        "place_available": 1,
        "is_default": false
    }
},
{
    "model": "morrigan_characters.shapearea",
    "pk": 50,
    "fields": {
        "area": 2,
        "shape": 2,
        "place_available": 1,
        "is_default": false
    }
},
{
    "model": "morrigan_characters.shapearea",
    "pk": 51,
    "fields": {
        "area": 3,
        "shape": 2,
        "place_available": 2,
        "is_default": true
    }
},
{
    "model": "morrigan_characters.shapearea",
    "pk": 52,
    "fields": {
        "area": 5,
        "shape": 2,
        "place_available": 2,
        "is_default": false
    }
},
{
    "model": "morrigan_characters.shapearea",
    "pk": 53,
    "fields": {
        "area": 4,
        "shape": 2,
        "place_available": 2,
        "is_default": false
    }
},
{
    "model": "morrigan_characters.shapearea",
    "pk": 54,
    "fields": {
        "area": 6,
        "shape": 2,
        "place_available": 2,
        "is_default": false
    }
},
{
    "model": "morrigan_characters.shapearea",
    "pk": 55,
    "fields": {
        "area": 1,
        "shape": 1,
        "place_available": 1,
        "is_default": false
    }
},
{
    "model": "morrigan_characters.shapearea",
    "pk": 56,
    "fields": {
        "area": 2,
        "shape": 1,
        "place_available": 1,
        "is_default": false
    }
},
{
    "model": "morrigan_characters.shapearea",
    "pk": 57,
    "fields": {
        "area": 3,
        "shape": 1,
        "place_available": 2,
        "is_default": true
    }
},
{
    "model": "morrigan_characters.shapearea",
    "pk": 58,
    "fields": {
        "area": 5,
        "shape": 1,
        "place_available": 2,
        "is_default": false
    }
},
{
    "model": "morrigan_characters.shapearea",
    "pk": 59,
    "fields": {
        "area": 4,
        "shape": 1,
        "place_available": 2,
        "is_default": false
    }
},
{
    "model": "morrigan_characters.shapearea",
    "pk": 60,
    "fields": {
        "area": 6,
        "shape": 1,
        "place_available": 2,
        "is_default": false
    }
},
{
    "model": "morrigan_characters.shapearea",
    "pk": 61,
    "fields": {
        "area": 8,
        "shape": 6,
        "place_available": 1,
        "is_default": false
    }
}
]
